{"layer_entropy": -10657.982421875, "_timestamp": 1723553572.6355774, "_runtime": 23.050111532211304, "_step": 95, "_wandb": {"runtime": 22}}