{"mse": 10.211105346679688, "_timestamp": 1710781707.1747975, "_runtime": 727.026519536972, "_step": 32, "wikitext2_PPL": 5.784335136413574, "_wandb": {"runtime": 726}}