{"layer_entropy": -50256.11328125, "_timestamp": 1723553726.0898602, "_runtime": 24.03925323486328, "_step": 223, "_wandb": {"runtime": 23}}