{"expected_mse": 0.0968017578125, "expected_entropy": 1.9714394807815552, "bitwidth": 2.0, "_timestamp": 1723558436.2216601, "_runtime": 5.043182134628296, "_step": 0, "_wandb": {"runtime": 8}}