{"mse": 0.6448268890380859, "_timestamp": 1711747032.2204313, "_runtime": 317.11534333229065, "_step": 16, "_wandb": {"runtime": 329}}