{"mse": 6.320098876953125, "_timestamp": 1711557396.7552676, "_runtime": 1069.417358636856, "_step": 32, "wikitext2_PPL": 5.592073440551758, "_wandb": {"runtime": 1068}}