{"expected_mse": 0.05694580078125, "expected_entropy": 2.4213342666625977, "bitwidth": 2.5, "edenn_d": 2, "edenn_n": 32, "_timestamp": 1723564902.4769819, "_runtime": 148.5259509086609, "_step": 225, "layer_entropy": -57093.140625, "wikitext2_PPL": 15.199480056762695, "_wandb": {"runtime": 148}}