{"model.layers.0.mlp.down_proj": 0.49649473328016674, "model.layers.0.mlp.gate_proj": 0.12635681201825535, "model.layers.0.mlp.up_proj": 0.18666104212087367, "model.layers.0.self_attn.k_proj": -0.0038665214117195104, "model.layers.0.self_attn.o_proj": 0.1864323054262043, "model.layers.0.self_attn.q_proj": -5.711481336552411e-05, "model.layers.0.self_attn.v_proj": 1.0599185411037262, "model.layers.1.mlp.down_proj": 15.888046999370653, "model.layers.1.mlp.gate_proj": 0.1997869492576256, "model.layers.1.mlp.up_proj": 0.25051107257480354, "model.layers.1.self_attn.k_proj": 0.05105809357393015, "model.layers.1.self_attn.o_proj": 0.22695256478210976, "model.layers.1.self_attn.q_proj": 0.06572829084147795, "model.layers.1.self_attn.v_proj": 0.9722147923198715, "model.layers.10.mlp.down_proj": 0.3179753757376978, "model.layers.10.mlp.gate_proj": 0.19143811031810357, "model.layers.10.mlp.up_proj": 0.2689918702797157, "model.layers.10.self_attn.k_proj": 0.08720155898704127, "model.layers.10.self_attn.o_proj": 0.34681456087917145, "model.layers.10.self_attn.q_proj": 0.17261241251504109, "model.layers.10.self_attn.v_proj": 0.27626377036416755, "model.layers.11.mlp.down_proj": 0.3085830402139765, "model.layers.11.mlp.gate_proj": 0.18000870914573433, "model.layers.11.mlp.up_proj": 0.2882509183426274, "model.layers.11.self_attn.k_proj": 0.10288202306620466, "model.layers.11.self_attn.o_proj": 0.4226582478343194, "model.layers.11.self_attn.q_proj": 0.22008383827761502, "model.layers.11.self_attn.v_proj": 0.2745333071914435, "model.layers.12.mlp.down_proj": 0.3318244695450835, "model.layers.12.mlp.gate_proj": 0.2096473012141148, "model.layers.12.mlp.up_proj": 0.305811203753488, "model.layers.12.self_attn.k_proj": 0.1139274679458096, "model.layers.12.self_attn.o_proj": 0.38316831776840055, "model.layers.12.self_attn.q_proj": 0.14070094279599477, "model.layers.12.self_attn.v_proj": 0.3096833941843443, "model.layers.13.mlp.down_proj": 0.3484684114011226, "model.layers.13.mlp.gate_proj": 0.2000591025681286, "model.layers.13.mlp.up_proj": 0.30745093298575704, "model.layers.13.self_attn.k_proj": 0.0961301167105985, "model.layers.13.self_attn.o_proj": 0.47375578379771405, "model.layers.13.self_attn.q_proj": 0.17498415333867876, "model.layers.13.self_attn.v_proj": 0.3593801664726287, "model.layers.14.mlp.down_proj": 0.36088315184092895, "model.layers.14.mlp.gate_proj": 0.23220766946385427, "model.layers.14.mlp.up_proj": 0.3210230917152034, "model.layers.14.self_attn.k_proj": 0.10757239863483072, "model.layers.14.self_attn.o_proj": 0.404189543526302, "model.layers.14.self_attn.q_proj": 0.2449690084513457, "model.layers.14.self_attn.v_proj": 0.2787705882923551, "model.layers.15.mlp.down_proj": 0.4284567928421132, "model.layers.15.mlp.gate_proj": 0.22751506429422233, "model.layers.15.mlp.up_proj": 0.34940777502075376, "model.layers.15.self_attn.k_proj": 0.09760344511744108, "model.layers.15.self_attn.o_proj": 0.3327819205011105, "model.layers.15.self_attn.q_proj": 0.11671906035999272, "model.layers.15.self_attn.v_proj": 0.3121035935757682, "model.layers.16.mlp.down_proj": 0.43932401764502427, "model.layers.16.mlp.gate_proj": 0.23854402814187262, "model.layers.16.mlp.up_proj": 0.3439063156138392, "model.layers.16.self_attn.k_proj": 0.0986627477232342, "model.layers.16.self_attn.o_proj": 0.2520946368978587, "model.layers.16.self_attn.q_proj": 0.14535645077815565, "model.layers.16.self_attn.v_proj": 0.28251432479988103, "model.layers.17.mlp.down_proj": 0.466229584597194, "model.layers.17.mlp.gate_proj": 0.24761159859758206, "model.layers.17.mlp.up_proj": 0.3563737064091593, "model.layers.17.self_attn.k_proj": 0.09012599316302773, "model.layers.17.self_attn.o_proj": 0.19065523500082182, "model.layers.17.self_attn.q_proj": 0.10480427628767264, "model.layers.17.self_attn.v_proj": 0.2614746535924575, "model.layers.18.mlp.down_proj": 0.45365940856644593, "model.layers.18.mlp.gate_proj": 0.24976029069754893, "model.layers.18.mlp.up_proj": 0.3398408012741617, "model.layers.18.self_attn.k_proj": 0.05655040846338937, "model.layers.18.self_attn.o_proj": 0.15189243681631331, "model.layers.18.self_attn.q_proj": 0.11063118875231281, "model.layers.18.self_attn.v_proj": 0.17131344219616512, "model.layers.19.mlp.down_proj": 0.4334201217041686, "model.layers.19.mlp.gate_proj": 0.2666710415054711, "model.layers.19.mlp.up_proj": 0.3370009222032056, "model.layers.19.self_attn.k_proj": 0.04675595649984222, "model.layers.19.self_attn.o_proj": 0.10429878622475136, "model.layers.19.self_attn.q_proj": 0.07130411364957863, "model.layers.19.self_attn.v_proj": 0.18336718025898138, "model.layers.2.mlp.down_proj": 0.38083219454458, "model.layers.2.mlp.gate_proj": 0.2392750986324121, "model.layers.2.mlp.up_proj": 0.25906727718137657, "model.layers.2.self_attn.k_proj": 0.09133053689167009, "model.layers.2.self_attn.o_proj": 0.09689926112675254, "model.layers.2.self_attn.q_proj": 0.13442987364641518, "model.layers.2.self_attn.v_proj": 0.33161179733960494, "model.layers.20.mlp.down_proj": 0.42005365681225837, "model.layers.20.mlp.gate_proj": 0.2800837994499274, "model.layers.20.mlp.up_proj": 0.3544121698527516, "model.layers.20.self_attn.k_proj": 0.048883464447004914, "model.layers.20.self_attn.o_proj": 0.08806454261310734, "model.layers.20.self_attn.q_proj": 0.06795297001688737, "model.layers.20.self_attn.v_proj": 0.13670596183972997, "model.layers.21.mlp.down_proj": 0.4446002573011851, "model.layers.21.mlp.gate_proj": 0.2857290624106093, "model.layers.21.mlp.up_proj": 0.3459929708535957, "model.layers.21.self_attn.k_proj": 0.05625863820165659, "model.layers.21.self_attn.o_proj": 0.12195312324596028, "model.layers.21.self_attn.q_proj": 0.10266991999729193, "model.layers.21.self_attn.v_proj": 0.17126266673358995, "model.layers.22.mlp.down_proj": 0.4240575776919851, "model.layers.22.mlp.gate_proj": 0.2805558667308686, "model.layers.22.mlp.up_proj": 0.33325898714172647, "model.layers.22.self_attn.k_proj": 0.04113829653501289, "model.layers.22.self_attn.o_proj": 0.09494147674174856, "model.layers.22.self_attn.q_proj": 0.06709447936618786, "model.layers.22.self_attn.v_proj": 0.14322429227252564, "model.layers.23.mlp.down_proj": 0.3824568977860965, "model.layers.23.mlp.gate_proj": 0.28325477339324495, "model.layers.23.mlp.up_proj": 0.32258147299948264, "model.layers.23.self_attn.k_proj": 0.06619847387684923, "model.layers.23.self_attn.o_proj": 0.07513789416297494, "model.layers.23.self_attn.q_proj": 0.05522971648822047, "model.layers.23.self_attn.v_proj": 0.1380230988185531, "model.layers.24.mlp.down_proj": 0.3749170033590907, "model.layers.24.mlp.gate_proj": 0.2918974327955593, "model.layers.24.mlp.up_proj": 0.3208725261426947, "model.layers.24.self_attn.k_proj": 0.0582946463322456, "model.layers.24.self_attn.o_proj": 0.06491927332738394, "model.layers.24.self_attn.q_proj": 0.061322441725123744, "model.layers.24.self_attn.v_proj": 0.13249798099918791, "model.layers.25.mlp.down_proj": 0.3363052306817004, "model.layers.25.mlp.gate_proj": 0.2772289902154491, "model.layers.25.mlp.up_proj": 0.3037853224775077, "model.layers.25.self_attn.k_proj": 0.05872976178431932, "model.layers.25.self_attn.o_proj": 0.0697870199988587, "model.layers.25.self_attn.q_proj": 0.09124365333291884, "model.layers.25.self_attn.v_proj": 0.14045766769176518, "model.layers.26.mlp.down_proj": 0.2991214408397719, "model.layers.26.mlp.gate_proj": 0.2925386216630111, "model.layers.26.mlp.up_proj": 0.2809584723108494, "model.layers.26.self_attn.k_proj": 0.07178599599682775, "model.layers.26.self_attn.o_proj": 0.09996144004360469, "model.layers.26.self_attn.q_proj": 0.0900577405234617, "model.layers.26.self_attn.v_proj": 0.1472988156727362, "model.layers.27.mlp.down_proj": 0.30659669699963554, "model.layers.27.mlp.gate_proj": 0.3042897876980659, "model.layers.27.mlp.up_proj": 0.29081835981823595, "model.layers.27.self_attn.k_proj": 0.08432864558005107, "model.layers.27.self_attn.o_proj": 0.08132204909084394,