{"mse": 14.015960693359375, "_timestamp": 1710773659.7485464, "_runtime": 1154.1776933670044, "_step": 32, "wikitext2_PPL": 5.805402755737305, "_wandb": {"runtime": 1153}}