{"mse": 4.643959045410156, "_timestamp": 1711831191.117359, "_runtime": 651.9405918121338, "_step": 32, "wikitext2_PPL": 5.459256172180176, "_wandb": {"runtime": 651}}