{"layer_entropy": -50256.11328125, "_timestamp": 1723553820.877498, "_runtime": 23.590292930603027, "_step": 223, "_wandb": {"runtime": 23}}