{"mse": 16.88507080078125, "_timestamp": 1711831021.2385373, "_runtime": 606.809579372406, "_step": 32, "wikitext2_PPL": 8.006224632263184, "_wandb": {"runtime": 606}}