{"expected_mse": 0.08648681640625, "expected_entropy": 2.05241060256958, "bitwidth": 2.083847588673481, "edenn_d": 4, "edenn_n": 323, "_timestamp": 1723565913.8347824, "_runtime": 154.9991753101349, "_step": 225, "layer_entropy": -12875.84375, "wikitext2_PPL": 235.9753875732422, "_wandb": {"runtime": 154}}