{"mse": 1.6883659362792969, "_timestamp": 1711558447.0866597, "_runtime": 1015.8499367237091, "_step": 32, "wikitext2_PPL": 5.220241546630859, "_wandb": {"runtime": 1015}}