{"expected_mse": 0.11688232421875, "expected_entropy": 1.916340708732605, "bitwidth": 2.0, "_timestamp": 1723558436.7418468, "_runtime": 4.926992893218994, "_step": 0, "_wandb": {"runtime": 8}}