{"layer_entropy": -50256.11328125, "_timestamp": 1723554642.2779973, "_runtime": 138.56214118003845, "_step": 224, "wikitext2_PPL": 7.747555732727051, "_wandb": {"runtime": 138}}