{"mse": 3.4512486308813095e-05, "_timestamp": 1710769496.7964897, "_runtime": 138.72550678253174, "_step": 3, "_wandb": {"runtime": 147}}