{"layer_entropy": -50256.11328125, "_timestamp": 1723554335.1902626, "_runtime": 23.7978994846344, "_step": 223, "_wandb": {"runtime": 135}}