{"layer_entropy": -10657.982421875, "_timestamp": 1723552943.957543, "_runtime": 30.409782886505127, "_step": 95, "_wandb": {"runtime": 30}}