{"mse": 3.6725807189941406, "_timestamp": 1711745310.0312674, "_runtime": 1088.7211294174194, "_step": 32, "wikitext2_PPL": 5.270602703094482, "_wandb": {"runtime": 1088}}