{"mse": 8.784744262695312, "_timestamp": 1711561739.4519124, "_runtime": 1062.4289693832397, "_step": 32, "wikitext2_PPL": 5.352593898773193, "_wandb": {"runtime": 1061}}