{"mse": 4.176689147949219, "_timestamp": 1710772409.5971262, "_runtime": 1118.6200382709503, "_step": 32, "wikitext2_PPL": 5.271408557891846, "_wandb": {"runtime": 1118}}