{"mse": 1.0347518920898438, "_timestamp": 1711744441.2893589, "_runtime": 36.34396696090698, "_step": 0, "_wandb": {"runtime": 39}}