{"expected_mse": 0.357177734375, "expected_entropy": 0.9970219930013021, "bitwidth": 1.0, "_timestamp": 1723557845.1831634, "_runtime": 4.807440519332886, "_step": 0, "_wandb": {"runtime": 11}}