{"mse": Infinity, "_timestamp": 1710770658.998782, "_runtime": 1098.7504830360413, "_step": 32, "wikitext2_PPL": 5.271408557891846, "_wandb": {"runtime": 1098}}