{"layer_entropy": -50256.11328125, "_timestamp": 1723553115.9880562, "_runtime": 40.588874101638794, "_step": 223, "_wandb": {"runtime": 40}}