{"mse": 0.19440364837646484, "_timestamp": 1711744614.853179, "_runtime": 36.875914096832275, "_step": 0, "_wandb": {"runtime": 37}}