{"mse": 5.4276123046875, "_timestamp": 1711748359.0517075, "_runtime": 759.4690294265747, "_step": 32, "wikitext2_PPL": 5.507449626922607, "_wandb": {"runtime": 759}}