{"expected_mse": 0.025360107421875, "expected_entropy": 2.927175521850586, "bitwidth": 3.0, "_timestamp": 1723556625.9050493, "_runtime": 5.035888433456421, "_step": 0, "_wandb": {"runtime": 11}}