{"layer_entropy": -10657.982421875, "_timestamp": 1723553640.6353228, "_runtime": 18.306432723999023, "_step": 95, "_wandb": {"runtime": 17}}