{"mse": 0.0015587806701660156, "_timestamp": 1711758602.5348797, "_runtime": 39.6532187461853, "_step": 0, "_wandb": {"runtime": 42}}