{"expected_mse": 0.0232696533203125, "expected_entropy": 3.126556396484375, "bitwidth": 3.321928094887362, "edenn_d": 1, "edenn_n": 10, "_timestamp": 1723567002.198002, "_runtime": 145.27031207084656, "_step": 225, "layer_entropy": -153150.78125, "wikitext2_PPL": 7.012038230895996, "_wandb": {"runtime": 144}}