{"mse": 20.0740966796875, "_timestamp": 1711759314.2506297, "_runtime": 652.4847557544708, "_step": 32, "wikitext2_PPL": 8.632890701293945, "_wandb": {"runtime": 652}}