{"expected_mse": 0.057891845703125, "expected_entropy": 2.350637435913086, "bitwidth": 2.389126513667982, "edenn_d": 4, "edenn_n": 753, "_timestamp": 1723566109.835, "_runtime": 149.6064009666443, "_step": 225, "layer_entropy": -8591.884765625, "wikitext2_PPL": 19.22144889831543, "_wandb": {"runtime": 149}}