{"wikitext2_PPL": 5.116623878479004, "_timestamp": 1710766865.620592, "_runtime": 225.40413808822632, "_step": 0, "_wandb": {"runtime": 224}}