{"expected_mse": 0.0095062255859375, "expected_entropy": 3.762141704559326, "bitwidth": 4.0, "edenn_d": 1, "edenn_n": 16, "_timestamp": 1723567434.8965082, "_runtime": 135.34786128997803, "_step": 225, "layer_entropy": -143975.71875, "wikitext2_PPL": 6.137547969818115, "_wandb": {"runtime": 134}}