{"expected_mse": 0.10797119140625, "expected_entropy": 1.9413357973098755, "bitwidth": 2.0, "_timestamp": 1723558437.5799348, "_runtime": 4.904570817947388, "_step": 0, "_wandb": {"runtime": 7}}