{"mse": 1.390289306640625, "_timestamp": 1711748551.1901433, "_runtime": 655.0549643039703, "_step": 32, "wikitext2_PPL": 5.2060112953186035, "_wandb": {"runtime": 654}}