{"model.layers.0.mlp.down_proj": 0.5030802801604871, "model.layers.0.mlp.gate_proj": 0.12938781303732577, "model.layers.0.mlp.up_proj": 0.19918796768390012, "model.layers.0.self_attn.k_proj": 0.01606666076051949, "model.layers.0.self_attn.o_proj": 0.19308401117793475, "model.layers.0.self_attn.q_proj": 0.010173928180336593, "model.layers.0.self_attn.v_proj": 1.057289701037977, "model.layers.1.mlp.down_proj": 15.905704863801338, "model.layers.1.mlp.gate_proj": 0.2058199490101861, "model.layers.1.mlp.up_proj": 0.25783913780939105, "model.layers.1.self_attn.k_proj": 0.05578124482136547, "model.layers.1.self_attn.o_proj": 0.22950508840037784, "model.layers.1.self_attn.q_proj": 0.06977243651332839, "model.layers.1.self_attn.v_proj": 0.9563452325565172, "model.layers.10.mlp.down_proj": 0.31010171382466234, "model.layers.10.mlp.gate_proj": 0.18642094659236028, "model.layers.10.mlp.up_proj": 0.2620550205905027, "model.layers.10.self_attn.k_proj": 0.08804922360681862, "model.layers.10.self_attn.o_proj": 0.3378262590141503, "model.layers.10.self_attn.q_proj": 0.17609861863322765, "model.layers.10.self_attn.v_proj": 0.2624645471094149, "model.layers.11.mlp.down_proj": 0.3007243986158666, "model.layers.11.mlp.gate_proj": 0.18224661230165132, "model.layers.11.mlp.up_proj": 0.2771958620978905, "model.layers.11.self_attn.k_proj": 0.08948307100566807, "model.layers.11.self_attn.o_proj": 0.4051448054570239, "model.layers.11.self_attn.q_proj": 0.21587417048679028, "model.layers.11.self_attn.v_proj": 0.2639693649912792, "model.layers.12.mlp.down_proj": 0.3295110572708659, "model.layers.12.mlp.gate_proj": 0.20987029688598646, "model.layers.12.mlp.up_proj": 0.3029565764404557, "model.layers.12.self_attn.k_proj": 0.11058212587570487, "model.layers.12.self_attn.o_proj": 0.3639628568526114, "model.layers.12.self_attn.q_proj": 0.13998682854965613, "model.layers.12.self_attn.v_proj": 0.30163060838756367, "model.layers.13.mlp.down_proj": 0.33343738277436, "model.layers.13.mlp.gate_proj": 0.20206140757019408, "model.layers.13.mlp.up_proj": 0.2985725848859292, "model.layers.13.self_attn.k_proj": 0.09895220043258499, "model.layers.13.self_attn.o_proj": 0.46571999927702423, "model.layers.13.self_attn.q_proj": 0.17143257086412364, "model.layers.13.self_attn.v_proj": 0.34823957159251673, "model.layers.14.mlp.down_proj": 0.3500383932859053, "model.layers.14.mlp.gate_proj": 0.22895832329071902, "model.layers.14.mlp.up_proj": 0.305682609032506, "model.layers.14.self_attn.k_proj": 0.10796795084339778, "model.layers.14.self_attn.o_proj": 0.39305335827679355, "model.layers.14.self_attn.q_proj": 0.24180105765767218, "model.layers.14.self_attn.v_proj": 0.27758800153267577, "model.layers.15.mlp.down_proj": 0.41891449565844724, "model.layers.15.mlp.gate_proj": 0.22689047527015713, "model.layers.15.mlp.up_proj": 0.34918265399752035, "model.layers.15.self_attn.k_proj": 0.09776304288618884, "model.layers.15.self_attn.o_proj": 0.32889829468905324, "model.layers.15.self_attn.q_proj": 0.11438441342582148, "model.layers.15.self_attn.v_proj": 0.30778928210822115, "model.layers.16.mlp.down_proj": 0.4228425330535102, "model.layers.16.mlp.gate_proj": 0.2358237032469252, "model.layers.16.mlp.up_proj": 0.3422346612077047, "model.layers.16.self_attn.k_proj": 0.10188763353623682, "model.layers.16.self_attn.o_proj": 0.2525559021757984, "model.layers.16.self_attn.q_proj": 0.14417229460189618, "model.layers.16.self_attn.v_proj": 0.28322133379389924, "model.layers.17.mlp.down_proj": 0.45856729107259014, "model.layers.17.mlp.gate_proj": 0.2435764770396423, "model.layers.17.mlp.up_proj": 0.3535094566312765, "model.layers.17.self_attn.k_proj": 0.08601276166735793, "model.layers.17.self_attn.o_proj": 0.18527471821035613, "model.layers.17.self_attn.q_proj": 0.11055763328097352, "model.layers.17.self_attn.v_proj": 0.25516883079807284, "model.layers.18.mlp.down_proj": 0.43994616609633397, "model.layers.18.mlp.gate_proj": 0.24731919773512234, "model.layers.18.mlp.up_proj": 0.3231746270323108, "model.layers.18.self_attn.k_proj": 0.04996964194423014, "model.layers.18.self_attn.o_proj": 0.1495489642534335, "model.layers.18.self_attn.q_proj": 0.10438284597591223, "model.layers.18.self_attn.v_proj": 0.16249738196427904, "model.layers.19.mlp.down_proj": 0.41979241419443114, "model.layers.19.mlp.gate_proj": 0.2590298289284619, "model.layers.19.mlp.up_proj": 0.3281960856796705, "model.layers.19.self_attn.k_proj": 0.04942375348032328, "model.layers.19.self_attn.o_proj": 0.0976880316709838, "model.layers.19.self_attn.q_proj": 0.06600783734486401, "model.layers.19.self_attn.v_proj": 0.17702624760011793, "model.layers.2.mlp.down_proj": 0.37909501123095163, "model.layers.2.mlp.gate_proj": 0.24382901749881364, "model.layers.2.mlp.up_proj": 0.2659402464739342, "model.layers.2.self_attn.k_proj": 0.09491356227611447, "model.layers.2.self_attn.o_proj": 0.1009445268688451, "model.layers.2.self_attn.q_proj": 0.13468507568060886, "model.layers.2.self_attn.v_proj": 0.32859822212422657, "model.layers.20.mlp.down_proj": 0.4091184213593186, "model.layers.20.mlp.gate_proj": 0.2657432921073893, "model.layers.20.mlp.up_proj": 0.344651600078476, "model.layers.20.self_attn.k_proj": 0.04876109460528199, "model.layers.20.self_attn.o_proj": 0.08222365625453783, "model.layers.20.self_attn.q_proj": 0.06424279610380082, "model.layers.20.self_attn.v_proj": 0.13289322995506395, "model.layers.21.mlp.down_proj": 0.4357540168174956, "model.layers.21.mlp.gate_proj": 0.2805317650673307, "model.layers.21.mlp.up_proj": 0.3336349409747468, "model.layers.21.self_attn.k_proj": 0.05459158777335204, "model.layers.21.self_attn.o_proj": 0.11887711767235112, "model.layers.21.self_attn.q_proj": 0.0990577682028603, "model.layers.21.self_attn.v_proj": 0.16511311662645392, "model.layers.22.mlp.down_proj": 0.40205631108056566, "model.layers.22.mlp.gate_proj": 0.2667543834945213, "model.layers.22.mlp.up_proj": 0.32587965637113453, "model.layers.22.self_attn.k_proj": 0.028611047187416413, "model.layers.22.self_attn.o_proj": 0.07456126587180215, "model.layers.22.self_attn.q_proj": 0.059318998382959454, "model.layers.22.self_attn.v_proj": 0.1270734354631056, "model.layers.23.mlp.down_proj": 0.3652973463142826, "model.layers.23.mlp.gate_proj": 0.27153588149166913, "model.layers.23.mlp.up_proj": 0.30405190558923123, "model.layers.23.self_attn.k_proj": 0.05131268397384068, "model.layers.23.self_attn.o_proj": 0.06579408652382093, "model.layers.23.self_attn.q_proj": 0.04471490914845779, "model.layers.23.self_attn.v_proj": 0.13236166499913876, "model.layers.24.mlp.down_proj": 0.3576479254906678, "model.layers.24.mlp.gate_proj": 0.28477417583630654, "model.layers.24.mlp.up_proj": 0.31504750538901594, "model.layers.24.self_attn.k_proj": 0.057704003375833486, "model.layers.24.self_attn.o_proj": 0.057026841797735046, "model.layers.24.self_attn.q_proj": 0.051933990748989335, "model.layers.24.self_attn.v_proj": 0.11917608722784237, "model.layers.25.mlp.down_proj": 0.31875840360614904, "model.layers.25.mlp.gate_proj": 0.2573245117529371, "model.layers.25.mlp.up_proj": 0.28419602143154377, "model.layers.25.self_attn.k_proj": 0.0442375326996491, "model.layers.25.self_attn.o_proj": 0.05798059927208439, "model.layers.25.self_attn.q_proj": 0.08223113711429579, "model.layers.25.self_attn.v_proj": 0.12736478194064121, "model.layers.26.mlp.down_proj": 0.28768863348891177, "model.layers.26.mlp.gate_proj": 0.2784571061688067, "model.layers.26.mlp.up_proj": 0.2699096563079634, "model.layers.26.self_attn.k_proj": 0.05811264745741133, "model.layers.26.self_attn.o_proj": 0.08861283245980295, "model.layers.26.self_attn.q_proj": 0.07338232068406222, "model.layers.26.self_attn.v_proj": 0.13027407209469288, "model.layers.27.mlp.down_proj": 0.288806557155294, "model.layers.27.mlp.gate_proj": 0.2862420867644934, "model.layers.27.mlp.up_proj": 0.2827333538989924, "model.layers.27.self_attn.k_proj": 0.07069395451574534, "model.layers.27.self_attn.o_proj": 0.06915279718768531,