{"mse": 60.014892578125, "_timestamp": 1711747148.0930796, "_runtime": 64.98263454437256, "_step": 2, "_wandb": {"runtime": 69}}