{"layer_entropy": -50256.11328125, "_timestamp": 1723553960.859387, "_runtime": 24.047053813934326, "_step": 223, "_wandb": {"runtime": 50}}