{"layer_entropy": -50256.11328125, "_timestamp": 1723554056.377849, "_runtime": 23.68133807182312, "_step": 223, "_wandb": {"runtime": 48}}