{"mse": 0.049016356468200684, "_timestamp": 1711747029.01473, "_runtime": 113.30609798431396, "_step": 4, "_wandb": {"runtime": 126}}