{"mse": 5.4276123046875, "_timestamp": 1711749298.7903345, "_runtime": 661.530636548996, "_step": 32, "wikitext2_PPL": 5.507449626922607, "_wandb": {"runtime": 662}}