,solution_size,solution_pred_err,solution_real_err
0,27917287424.0,0.5960667161415475,0.42316579818725586
1,34896609280.0,0.22200434153111256,0.15862751007080078
2,41859153920.0,0.13508500938543183,0.08955717086791992
3,48838475776.0,0.0603463157189577,0.04523134231567383
4,55817797632.0,0.00416103555145001,0.0037550926208496094
