{"layer_entropy": -10657.982421875, "_timestamp": 1723553458.9094512, "_runtime": 19.094662189483643, "_step": 95, "_wandb": {"runtime": 18}}