,solution_size,solution_pred_err,solution_real_err
0,29662117888.0,0.5843502181463021,0.3602409362792969
1,36200853863.2982,0.22222909608963107,0.15734052658081055
2,42723795790.346924,0.13833229924989174,0.09846353530883789
3,49278325813.894714,0.06643368320161565,0.04523134231567383
4,55827880722.46393,0.011957857645607655,0.008766651153564453
