{"mse": 37.22808837890625, "_timestamp": 1711563756.0487688, "_runtime": 1064.8296077251434, "_step": 32, "wikitext2_PPL": 6.39514684677124, "_wandb": {"runtime": 1064}}